folder	movie	character	line-count
LEGO TITAN	EPISODE 102	mateo	56
LEGO TITAN	EPISODE 102	mr oz	55
LEGO TITAN	EPISODE 102	izzie	47
LEGO TITAN	EPISODE 102	cooper	26
LEGO TITAN	EPISODE 102	night hunter	14
LEGO TITAN	EPISODE 102	albert	7
LEGO TITAN	EPISODE 102	logan	6
LEGO TITAN	EPISODE 102	nightmare king	3
LEGO TITAN	EPISODE 102	sneak	2
LEGO TITAN	EPISODE 102	susan	1
LEGO TITAN	EPISODE 102	snivel	1
LEGO TITAN	EPISODE 102	zoey	1
LEGO TITAN	EPISODE 103	izzie	60
LEGO TITAN	EPISODE 103	mr oz	48
LEGO TITAN	EPISODE 103	logan	42
LEGO TITAN	EPISODE 103	albert	39
LEGO TITAN	EPISODE 103	mateo	31
LEGO TITAN	EPISODE 103	cooper	24
LEGO TITAN	EPISODE 103	nova	8
LEGO TITAN	EPISODE 103	mrs castillo	6
LEGO TITAN	EPISODE 103	nightmare king	5
LEGO TITAN	EPISODE 103	night hunter	5
LEGO TITAN	EPISODE 103	forgemaster	5
LEGO TITAN	EPISODE 103	coach jeffreys	5
LEGO TITAN	EPISODE 103	mr hopper	4
LEGO TITAN	EPISODE 103	jay	4
LEGO TITAN	EPISODE 103	news stand guy	2
LEGO TITAN	EPISODE 103	dallas	2
LEGO TITAN	EPISODE 103	zoey	1
LEGO TITAN	EPISODE 103	jadyn	1
LEGO TITAN	EPISODE 105	izzie	68
LEGO TITAN	EPISODE 105	logan	57
LEGO TITAN	EPISODE 105	mateo	56
LEGO TITAN	EPISODE 105	oz	51
LEGO TITAN	EPISODE 105	yeti	36
LEGO TITAN	EPISODE 105	coop	35
LEGO TITAN	EPISODE 105	dark archer	13
LEGO TITAN	EPISODE 105	nightmare king	10
LEGO TITAN	EPISODE 105	albert	2
LEGO TITAN	EPISODE 107	logan	108
LEGO TITAN	EPISODE 107	mateo	94
LEGO TITAN	EPISODE 107	izzie	43
LEGO TITAN	EPISODE 107	burrzerker	40
LEGO TITAN	EPISODE 107	cooper	36
LEGO TITAN	EPISODE 107	mr oz	21
LEGO TITAN	EPISODE 107	zoey	15
LEGO TITAN	EPISODE 107	albert	8
LEGO TITAN	EPISODE 107	nightmare king	4
LEGO TITAN	EPISODE 108	izzie	80
LEGO TITAN	EPISODE 108	coop	43
LEGO TITAN	EPISODE 108	logan	28
LEGO TITAN	EPISODE 108	teo (aka mateo)	24
LEGO TITAN	EPISODE 108	jay	17
LEGO TITAN	EPISODE 108	coach jeffreys	16
LEGO TITAN	EPISODE 108	nightmare king	15
LEGO TITAN	EPISODE 108	zoey	13
LEGO TITAN	EPISODE 108	ms putnam	11
LEGO TITAN	EPISODE 108	ms ramos	5
LEGO TITAN	EPISODE 108	mrs castillo	5
LEGO TITAN	EPISODE 108	shelley	4
LEGO TITAN	EPISODE 108	nova	3
LEGO TITAN	EPISODE 108	bodega clerk	3
LEGO TITAN	EPISODE 108	dallas	1
LEGO TITAN	EPISODE 108	susan	1
LEGO TITAN	EPISODE 108	lemming #1	1
LEGO TITAN	EPISODE 108	lemming #2	1
LEGO TITAN	EPISODE 108	lemming #3	1
LEGO TITAN	EPISODE 109	logan	59
LEGO TITAN	EPISODE 109	mateo	55
LEGO TITAN	EPISODE 109	nightmare king	41
LEGO TITAN	EPISODE 109	izzie	41
LEGO TITAN	EPISODE 109	cooper	36
LEGO TITAN	EPISODE 109	zoey	17
LEGO TITAN	EPISODE 109	sneak	11
LEGO TITAN	EPISODE 109	dallas	7
LEGO TITAN	EPISODE 109	dark archer	6
LEGO TITAN	EPISODE 109	jadyn	6
LEGO TITAN	EPISODE 109	coach jeffries	5
LEGO TITAN	EPISODE 109	snivel	2
LEGO TITAN	EPISODE 109	susan	2
LEGO TITAN	EPISODE 109	mrs castillo	2
LEGO TITAN	EPISODE 110	logan	43
LEGO TITAN	EPISODE 110	mr oz	36
LEGO TITAN	EPISODE 110	mateo	36
LEGO TITAN	EPISODE 110	dark archer	27
LEGO TITAN	EPISODE 110	sneak	27
LEGO TITAN	EPISODE 110	izzie	20
LEGO TITAN	EPISODE 110	zoey	14
LEGO TITAN	EPISODE 110	nightmare king	7
LEGO TITAN	EPISODE 110	coach jeffreys	6
LEGO TITAN	EPISODE 110	cooper	6
LEGO TITAN	EPISODE 110	albert	6
LEGO TITAN	EPISODE 110	snivel	4
LEGO TITAN	EPISODE 110	susan	4
LEGO TITAN	EPISODE 111	zoey	78
LEGO TITAN	EPISODE 111	izzie	56
LEGO TITAN	EPISODE 111	mateo	42
LEGO TITAN	EPISODE 111	cooper	39
LEGO TITAN	EPISODE 111	nova	27
LEGO TITAN	EPISODE 111	oz	24
LEGO TITAN	EPISODE 111	jay	23
LEGO TITAN	EPISODE 111	logan	21
LEGO TITAN	EPISODE 111	albert	18
LEGO TITAN	EPISODE 111	nightmare king	11
LEGO TITAN	EPISODE 111	coach jeffreys	10
LEGO TITAN	EPISODE 111	chief inspector strick	8
LEGO TITAN	EPISODE 111	night hunter	7
LEGO TITAN	EPISODE 111	jadyn	6
LEGO TITAN	EPISODE 111	ms putnam	4
LEGO TITAN	EPISODE 111	aunt jenny	3
LEGO TITAN	EPISODE 111	dallas	1
LEGO TITAN	EPISODE 112	mateo	76
LEGO TITAN	EPISODE 112	zoey	58
LEGO TITAN	EPISODE 112	izzi	55
LEGO TITAN	EPISODE 112	agent strick	35
LEGO TITAN	EPISODE 112	coop	33
LEGO TITAN	EPISODE 112	oz	32
LEGO TITAN	EPISODE 112	albert	15
LEGO TITAN	EPISODE 112	logan	13
LEGO TITAN	EPISODE 112	nightmare king	10
LEGO TITAN	EPISODE 112	dark archer	6
LEGO TITAN	EPISODE 112	jayden	4
LEGO TITAN	EPISODE 114	mateo	38
LEGO TITAN	EPISODE 114	izzie	26
LEGO TITAN	EPISODE 114	old blind lady	25
LEGO TITAN	EPISODE 114	mr oz	24
LEGO TITAN	EPISODE 114	zoey	23
LEGO TITAN	EPISODE 114	sandman	21
LEGO TITAN	EPISODE 114	logan	19
LEGO TITAN	EPISODE 114	albert	17
LEGO TITAN	EPISODE 114	night hunter	14
LEGO TITAN	EPISODE 114	nightmare king	8
LEGO TITAN	EPISODE 114	cooper	7
LEGO TITAN	EPISODE 114	coach jeffreys	3
LEGO TITAN	EPISODE 114	ms putnam	1
LEGO TITAN	EPISODE 114	susan	1
LEGO TITAN	EPISODE 116	izzie	50
LEGO TITAN	EPISODE 116	mateo	44
LEGO TITAN	EPISODE 116	zoey	42
LEGO TITAN	EPISODE 116	logan	37
LEGO TITAN	EPISODE 116	manticore	30
LEGO TITAN	EPISODE 116	mr oz	21
LEGO TITAN	EPISODE 116	cooper	19
LEGO TITAN	EPISODE 116	albert	15
LEGO TITAN	EPISODE 116	gingerbread man	2
LEGO TITAN	EPISODE 116	nightmare king	2
LEGO TITAN	EPISODE 116	gingerbread woman	1
LEGO TITAN	EPISODE 116	dark archer	1
LEGO TITAN	EPISODE 117	mateo	43
LEGO TITAN	EPISODE 117	cooper	35
LEGO TITAN	EPISODE 117	izzie	30
LEGO TITAN	EPISODE 117	mr oz	23
LEGO TITAN	EPISODE 117	zoey	22
LEGO TITAN	EPISODE 117	nightmare king	20
LEGO TITAN	EPISODE 117	logan	17
LEGO TITAN	EPISODE 117	albert	14
LEGO TITAN	EPISODE 117	night hunter	11
LEGO TITAN	EPISODE 117	phil	6
Lionsgate	16 States	april	265
Lionsgate	16 States	isabella	159
Lionsgate	16 States	colonel bedford	154
Lionsgate	16 States	josh	147
Lionsgate	16 States	major stenz	47
Lionsgate	16 States	matt	43
Lionsgate	16 States	posey	35
Lionsgate	16 States	cole	29
Lionsgate	16 States	doctor	29
Lionsgate	16 States	officer blake	29
Lionsgate	16 States	lynn (a.k.a. tall woman)	26
Lionsgate	16 States	boone	17
Lionsgate	AMERICAN UNDERDOG	kurt	607
Lionsgate	AMERICAN UNDERDOG	brenda	428
Lionsgate	AMERICAN UNDERDOG	sue	75
Lionsgate	AMERICAN UNDERDOG	jim foster	75
Lionsgate	AMERICAN UNDERDOG	mike martz	50
Lionsgate	AMERICAN UNDERDOG	zack	40
Lionsgate	AMERICAN UNDERDOG	larry	32
Lionsgate	AMERICAN UNDERDOG	mike hudnutt	30
Lionsgate	AMERICAN UNDERDOG	coach allen	29
Lionsgate	AMERICAN UNDERDOG	coach mooch	18
Lionsgate	AMERICAN UNDERDOG	dick vermeil	17
Lionsgate	AMERICAN UNDERDOG	isaac	16
Lionsgate	AMERICAN UNDERDOG	tv announcer	15
Lionsgate	AMERICAN UNDERDOG	matt	13
Lionsgate	AMERICAN UNDERDOG	alvarez	12
Lionsgate	AMERICAN UNDERDOG	rich	11
Lionsgate	AMERICAN UNDERDOG	color man	11
Lionsgate	AMERICAN UNDERDOG	kim	9
Lionsgate	AMERICAN UNDERDOG	commentator	7
Lionsgate	AMERICAN UNDERDOG	david gillis	7
Lionsgate	AMERICAN UNDERDOG	dad	6
Lionsgate	AMERICAN UNDERDOG	weary teacher	5
Lionsgate	AMERICAN UNDERDOG	guard	4
Lionsgate	AMERICAN UNDERDOG	coach ramsdell	4
Lionsgate	AMERICAN UNDERDOG	ray lewis	4
Lionsgate	AMERICAN UNDERDOG	other sportscenter guy	3
Lionsgate	AMERICAN UNDERDOG	bartender	3
Lionsgate	AMERICAN UNDERDOG	reggie	3
Lionsgate	AMERICAN UNDERDOG	cashier	2
Lionsgate	AMERICAN UNDERDOG	marshall	2
Lionsgate	AMERICAN UNDERDOG	attendant	2
Lionsgate	AMERICAN UNDERDOG	sportscaster 2	2
Lionsgate	AMERICAN UNDERDOG	announcer	2
Lionsgate	AMERICAN UNDERDOG	tiny	1
Lionsgate	AMERICAN UNDERDOG	cheerleader	1
Lionsgate	AMERICAN UNDERDOG	radio news	1
Lionsgate	AMERICAN UNDERDOG	jesse	1
Lionsgate	AMERICAN UNDERDOG	sportscaster	1
Lionsgate	AMERICAN UNDERDOG	espn talking head	1
Lionsgate	AMERICAN UNDERDOG	radio	1
Lionsgate	AMERICAN UNDERDOG	pa announcer	1
Lionsgate	AMERICAN UNDERDOG	tv annoucer 1	1
Lionsgate	AMERICAN UNDERDOG	tv annoucer 2	1
Lionsgate	AMERICAN UNDERDOG	tagliabue	1
Lionsgate	ANGELS	ed	260
Lionsgate	ANGELS	sharon	243
Lionsgate	ANGELS	barbara	144
Lionsgate	ANGELS	rose	77
Lionsgate	ANGELS	bob green	45
Lionsgate	ANGELS	michelle	41
Lionsgate	ANGELS	ashley	38
Lionsgate	ANGELS	amy chan	29
Lionsgate	ANGELS	ed senior	15
Lionsgate	ANGELS	minister thomas	13
Lionsgate	ANGELS	mrs. allen	13
Lionsgate	ANGELS	albert	10
Lionsgate	ANGELS	kelvin	10
Lionsgate	ANGELS	helicopter pilot	10
Lionsgate	ANGELS	dr. ghorbani	9
Lionsgate	ANGELS	woman 1	7
Lionsgate	ANGELS	secretary	7
Lionsgate	ANGELS	cashier	6
Lionsgate	ANGELS	secretary #2	6
Lionsgate	ANGELS	secretary #3	6
Lionsgate	ANGELS	airport security manager	6
Lionsgate	ANGELS	teresa	5
Lionsgate	ANGELS	woman 2	4
Lionsgate	ANGELS	marcus	4
Lionsgate	ANGELS	aviation guy	4
Lionsgate	ANGELS	female news anchor	4
Lionsgate	ANGELS	minister’s wife	4
Lionsgate	ANGELS	doctor #1 / voice (o.s.)	3
Lionsgate	ANGELS	caregiver	3
Lionsgate	ANGELS	billing clerk	3
Lionsgate	ANGELS	ed’s neighbor	3
Lionsgate	ANGELS	doctor #2	3
Lionsgate	ANGELS	biker guy	2
Lionsgate	ANGELS	lois	2
Lionsgate	ANGELS	uncle al	2
Lionsgate	ANGELS	jason	2
Lionsgate	ANGELS	client	2
Lionsgate	ANGELS	assistant	2
Lionsgate	ANGELS	bill	2
Lionsgate	ANGELS	traffic reporter	2
Lionsgate	ANGELS	producer	2
Lionsgate	ANGELS	a.m. radio	2
Lionsgate	ANGELS	clerk	1
Lionsgate	ANGELS	another relative	1
Lionsgate	ANGELS	hard hat guy	1
Lionsgate	ANGELS	jogger	1
Lionsgate	ANGELS	homeowner	1
Lionsgate	ANGELS	bank rep	1
Lionsgate	ANGELS	diane	1
Lionsgate	ANGELS	secretary #1	1
Lionsgate	ANGELS	office assistant	1
Lionsgate	ANGELS	wife	1
Lionsgate	ARE YOU THERE GOD, IT_s ME MARGARET	margaret	390
Lionsgate	ARE YOU THERE GOD, IT_s ME MARGARET	barbara	234
Lionsgate	ARE YOU THERE GOD, IT_s ME MARGARET	nancy	193
Lionsgate	ARE YOU THERE GOD, IT_s ME MARGARET	sylvia	132
Lionsgate	ARE YOU THERE GOD, IT_s ME MARGARET	herb	83
Lionsgate	ARE YOU THERE GOD, IT_s ME MARGARET	mrs. wheeler	63
Lionsgate	ARE YOU THERE GOD, IT_s ME MARGARET	gretchen	51
Lionsgate	ARE YOU THERE GOD, IT_s ME MARGARET	mr. benedict	42
Lionsgate	ARE YOU THERE GOD, IT_s ME MARGARET	janie	30
Lionsgate	ARE YOU THERE GOD, IT_s ME MARGARET	laura	22
Lionsgate	ARE YOU THERE GOD, IT_s ME MARGARET	moose	17
Lionsgate	ARE YOU THERE GOD, IT_s ME MARGARET	norman	13
Lionsgate	ARE YOU THERE GOD, IT_s ME MARGARET	mary	12
Lionsgate	ARE YOU THERE GOD, IT_s ME MARGARET	philip leroy	9
Lionsgate	ARE YOU THERE GOD, IT_s ME MARGARET	paul	9
Lionsgate	ARE YOU THERE GOD, IT_s ME MARGARET	freddy barnett	9
Lionsgate	ARE YOU THERE GOD, IT_s ME MARGARET	sales lady	6
Lionsgate	ARE YOU THERE GOD, IT_s ME MARGARET	narrator	6
Lionsgate	ARE YOU THERE GOD, IT_s ME MARGARET	rabbi	5
Lionsgate	ARE YOU THERE GOD, IT_s ME MARGARET	mrs. webster	4
Lionsgate	ARE YOU THERE GOD, IT_s ME MARGARET	guy in car	3
Lionsgate	ARE YOU THERE GOD, IT_s ME MARGARET	evan	3
Lionsgate	ARE YOU THERE GOD, IT_s ME MARGARET	mrs. fisher	3
Lionsgate	ARE YOU THERE GOD, IT_s ME MARGARET	pta mother	2
Lionsgate	ARE YOU THERE GOD, IT_s ME MARGARET	mr. wheeler	2
Lionsgate	ARE YOU THERE GOD, IT_s ME MARGARET	priest	2
Lionsgate	ARE YOU THERE GOD, IT_s ME MARGARET	mr. binamin	2
Lionsgate	ARE YOU THERE GOD, IT_s ME MARGARET	salvation army guy	1
Lionsgate	ARE YOU THERE GOD, IT_s ME MARGARET	mailman	1
Lionsgate	ARE YOU THERE GOD, IT_s ME MARGARET	librarian	1
Lionsgate	Borderlands	lilith	359
Lionsgate	Borderlands	tiny tina	225
Lionsgate	Borderlands	claptrap	226
Lionsgate	Borderlands	atlas	155
Lionsgate	Borderlands	roland	149
Lionsgate	Borderlands	tannis	106
Lionsgate	Borderlands	steele	54
Lionsgate	Borderlands	krieg	43
Lionsgate	Borderlands	marcus	29
Lionsgate	Borderlands	moxxi	28
Lionsgate	Borderlands	larry	26
Lionsgate	Borderlands	drawing girl	19
Lionsgate	Borderlands	lilith's mother	18
Lionsgate	Borderlands	ellie	17
Lionsgate	Borderlands	narrator	12
Lionsgate	Borderlands	scooter	6
Lionsgate	Borderlands	krom	5
Lionsgate	Borderlands	jakobs	4
Lionsgate	Borderlands	pleasant autopilot voice	3
Lionsgate	Borderlands	justice of the peace	3
Lionsgate	Borderlands	hammerlock	3
Lionsgate	Borderlands	robot guard	2
Lionsgate	Borderlands	torture box voice	2
Lionsgate	Borderlands	citizen	2
Lionsgate	Borderlands	bullhorn psycho	2
Lionsgate	Borderlands	headless bunny	2
Lionsgate	Borderlands	psycho	2
Lionsgate	Borderlands	child #1	2
Lionsgate	Borderlands	child #2	1
Lionsgate	Borderlands	statue	1
Lionsgate	Borderlands	lance	1
Lionsgate	Borderlands	soldier	1
Lionsgate	Borderlands	lance soldier	1
Lionsgate	DIRTY DANCING	baby	381
Lionsgate	DIRTY DANCING	jake	269
Lionsgate	DIRTY DANCING	carlos	141
Lionsgate	DIRTY DANCING	camila	139
Lionsgate	DIRTY DANCING	lisa	110
Lionsgate	DIRTY DANCING	noah	91
Lionsgate	DIRTY DANCING	daniel	46
Lionsgate	DIRTY DANCING	neil	41
Lionsgate	DIRTY DANCING	lola	37
Lionsgate	DIRTY DANCING	anne	19
Lionsgate	DIRTY DANCING	judge	13
Lionsgate	DIRTY DANCING	cop	12
Lionsgate	DIRTY DANCING	paul	10
Lionsgate	DIRTY DANCING	lester	10
Lionsgate	DIRTY DANCING	emcee	8
Lionsgate	DIRTY DANCING	stanton	7
Lionsgate	DIRTY DANCING	concierge	4
Lionsgate	DIRTY DANCING	isabel	4
Lionsgate	DIRTY DANCING	pete	3
Lionsgate	DIRTY DANCING	mr. winstead	3
Lionsgate	DIRTY DANCING	diane	3
Lionsgate	DIRTY DANCING	valet	3
Lionsgate	DIRTY DANCING	esme	3
Lionsgate	DIRTY DANCING	drunk friend	2
Lionsgate	DIRTY DANCING	groomsman	2
Lionsgate	DIRTY DANCING	“sexy teen”	1
Lionsgate	DIRTY DANCING	guest	1
Lionsgate	DIRTY DANCING	johnny	1
Lionsgate	DIRTY DANCING	beautiful girl	1
Lionsgate	DIRTY DANCING	waiter	1
Lionsgate	DIRTY DANCING	clerk	1
Lionsgate	DIRTY DANCING	teddy	1
Lionsgate	Escape	mad martigan	344
Lionsgate	Escape	tiktok	274
Lionsgate	Escape	cole	266
Lionsgate	Escape	the boss	236
Lionsgate	Escape	harriet the spy	133
Lionsgate	Escape	naomi	106
Lionsgate	Escape	vince	80
Lionsgate	Escape	hawk	37
Lionsgate	Escape	thug	23
Lionsgate	Escape	cyrus the virus	21
Lionsgate	Escape	vincent	18
Lionsgate	Escape	dux	16
Lionsgate	Escape	animal	14
Lionsgate	Escape	balki	11
Lionsgate	Escape	riggs	8
Lionsgate	Escape	cop	6
Lionsgate	Escape	spartan	3
Lionsgate	Escape	upper level henchmen	2
Lionsgate	Escape	driver	1
Lionsgate	Free Agents	rush	281
Lionsgate	Free Agents	will	273
Lionsgate	Free Agents	vidal	80
Lionsgate	Free Agents	lisa	77
Lionsgate	Free Agents	tommy	56
Lionsgate	Free Agents	tv announcer	32
Lionsgate	Free Agents	slim	30
Lionsgate	Free Agents	mouse	30
Lionsgate	Free Agents	dontay	26
Lionsgate	Free Agents	walker	25
Lionsgate	Free Agents	s-bull	25
Lionsgate	Free Agents	detective reed	25
Lionsgate	Free Agents	coach brackney	22
Lionsgate	Free Agents	hennessy	21
Lionsgate	Free Agents	color analyst	18
Lionsgate	Free Agents	kit jacobs	18
Lionsgate	Free Agents	asst. coach davis	10
Lionsgate	Free Agents	jerry demarco	10
Lionsgate	Free Agents	kizinski	10
Lionsgate	Free Agents	phan park	8
Lionsgate	Free Agents	announcer	8
Lionsgate	Free Agents	carla	8
Lionsgate	Free Agents	espn radio host	5
Lionsgate	Free Agents	sylvie	5
Lionsgate	Free Agents	peter crane	4
Lionsgate	Free Agents	deshawn	4
Lionsgate	Free Agents	charisse	3
Lionsgate	Free Agents	tv announcer 1	3
Lionsgate	Free Agents	chet	2
Lionsgate	Free Agents	gate guard	2
Lionsgate	Free Agents	rush’s agent	1
Lionsgate	Free Agents	salaam	1
Lionsgate	Free Agents	player #2	1
Lionsgate	Free Agents	guard 2	1
Lionsgate	Free Agents	trainer	1
Lionsgate	Free Agents	general manager	1
Lionsgate	Joy Fuck Club	audrey	482
Lionsgate	Joy Fuck Club	lolo	409
Lionsgate	Joy Fuck Club	karen	248
Lionsgate	Joy Fuck Club	deadeye	139
Lionsgate	Joy Fuck Club	frank	45
Lionsgate	Joy Fuck Club	helen	41
Lionsgate	Joy Fuck Club	dae	36
Lionsgate	Joy Fuck Club	arthur	28
Lionsgate	Joy Fuck Club	min (actress)	25
Lionsgate	Joy Fuck Club	perky agent	25
Lionsgate	Joy Fuck Club	todd	22
Lionsgate	Joy Fuck Club	mary sullivan	19
Lionsgate	Joy Fuck Club	clarence	19
Lionsgate	Joy Fuck Club	stephon marbury	18
Lionsgate	Joy Fuck Club	police officer	16
Lionsgate	Joy Fuck Club	embassy official	15
Lionsgate	Joy Fuck Club	joe sullivan	11
Lionsgate	Joy Fuck Club	min (in video)	11
Lionsgate	Joy Fuck Club	wey chen	11
Lionsgate	Joy Fuck Club	grandma chen	10
Lionsgate	Joy Fuck Club	jenny chen	9
Lionsgate	Joy Fuck Club	jaebock	8
Lionsgate	Joy Fuck Club	grandpa chen	7
Lionsgate	Joy Fuck Club	deng	4
Lionsgate	Joy Fuck Club	airport security officer	3
Lionsgate	Joy Fuck Club	director	3
Lionsgate	Joy Fuck Club	xitang village guy	2
Lionsgate	Joy Fuck Club	doctor	2
Lionsgate	Joy Fuck Club	boy	1
Lionsgate	Joy Fuck Club	client	1
Lionsgate	Joy Fuck Club	gruff man	1
Lionsgate	Joy Fuck Club	little chen girl	1
Lionsgate	Joy Fuck Club	guy in suit	1
Lionsgate	London	joanna	359
Lionsgate	London	mackensie	354
Lionsgate	London	mr. lime	76
Lionsgate	London	lilou	34
Lionsgate	London	the invisible man	25
Lionsgate	London	carol watson	18
Lionsgate	London	andy	11
Lionsgate	London	cody	9
Lionsgate	London	the driver	4
Lionsgate	London	celia/mr. lime’s wife	5
Lionsgate	London	gendarme	3
Lionsgate	London	henry	3
Lionsgate	London	the tailored young man	2
Lionsgate	London	the little boy	2
Lionsgate	London	customs official	2
Lionsgate	London	flight attendant	1
Lionsgate	London	security guard	1
Lionsgate	London	millie	1
Lionsgate	London	the flight attendant	1
Lionsgate	London	palestinian man	1
Lionsgate	London	israeli man	1
Lionsgate	London	a gate agent	1
Lionsgate	London	the woman	1
Lionsgate	London	policeman	1
Lionsgate	MAGIC _ BIRD	magic johnson	445
Lionsgate	MAGIC _ BIRD	larry bird	345
Lionsgate	MAGIC _ BIRD	jerry buss/dr. buss	131
Lionsgate	MAGIC _ BIRD	red auerbach	59
Lionsgate	MAGIC _ BIRD	bill hodges	53
Lionsgate	MAGIC _ BIRD	cookie johnson	52
Lionsgate	MAGIC _ BIRD	pat riley	50
Lionsgate	MAGIC _ BIRD	brent musberger	46
Lionsgate	MAGIC _ BIRD	dinah bird	42
Lionsgate	MAGIC _ BIRD	georgia bird	41
Lionsgate	MAGIC _ BIRD	ml carr	32
Lionsgate	MAGIC _ BIRD	announcer	30
Lionsgate	MAGIC _ BIRD	michael cooper	29
Lionsgate	MAGIC _ BIRD	mark bird	27
Lionsgate	MAGIC _ BIRD	johnny most	24
Lionsgate	MAGIC _ BIRD	isaiah	24
Lionsgate	MAGIC _ BIRD	dr. mellman	22
Lionsgate	MAGIC _ BIRD	damon wayans	21
Lionsgate	MAGIC _ BIRD	drunk patron	20
Lionsgate	MAGIC _ BIRD	kareem	19
Lionsgate	MAGIC _ BIRD	bob woolf	18
Lionsgate	MAGIC _ BIRD	carl nicks	16
Lionsgate	MAGIC _ BIRD	paul westhead	16
Lionsgate	MAGIC _ BIRD	director	16
Lionsgate	MAGIC _ BIRD	byron scott	15
Lionsgate	MAGIC _ BIRD	pearl	13
Lionsgate	MAGIC _ BIRD	joe bird	12
Lionsgate	MAGIC _ BIRD	kevin kearns (should be kevin carnes)	10
Lionsgate	MAGIC _ BIRD	robert parish	10
Lionsgate	MAGIC _ BIRD	kevin mchale	10
Lionsgate	MAGIC _ BIRD	reporter #1	9
Lionsgate	MAGIC _ BIRD	chuck hearn	9
Lionsgate	MAGIC _ BIRD	bartender	9
Lionsgate	MAGIC _ BIRD	mark landsberger	9
Lionsgate	MAGIC _ BIRD	bob king	8
Lionsgate	MAGIC _ BIRD	announcer #1	8
Lionsgate	MAGIC _ BIRD	lizzie	7
Lionsgate	MAGIC _ BIRD	bryant gumble	7
Lionsgate	MAGIC _ BIRD	norm nixon	7
Lionsgate	MAGIC _ BIRD	danny ainge	7
Lionsgate	MAGIC _ BIRD	doctor	7
Lionsgate	MAGIC _ BIRD	larry o’brien	6
Lionsgate	MAGIC _ BIRD	christine johnson	6
Lionsgate	MAGIC _ BIRD	dan dyrek	6
Lionsgate	MAGIC _ BIRD	isu player	5
Lionsgate	MAGIC _ BIRD	coach hall	4
Lionsgate	MAGIC _ BIRD	janitor	4
Lionsgate	MAGIC _ BIRD	msu player	4
Lionsgate	MAGIC _ BIRD	white new york fan	4
Lionsgate	MAGIC _ BIRD	another white reporter	4
Lionsgate	MAGIC _ BIRD	female driver	4
Lionsgate	MAGIC _ BIRD	boston cop 1	4
Lionsgate	MAGIC _ BIRD	kc jones	4
Lionsgate	MAGIC _ BIRD	ac green	4
Lionsgate	MAGIC _ BIRD	james worthy	4
Lionsgate	MAGIC _ BIRD	gary vitti	4
Lionsgate	MAGIC _ BIRD	bobby knight	4
Lionsgate	MAGIC _ BIRD	leroy staley	3
Lionsgate	MAGIC _ BIRD	white boston fan	3
Lionsgate	MAGIC _ BIRD	rod thorn	3
Lionsgate	MAGIC _ BIRD	earvin sr.	3
Lionsgate	MAGIC _ BIRD	young white fan	3
Lionsgate	MAGIC _ BIRD	wife #1	3
Lionsgate	MAGIC _ BIRD	michael jordan	3
Lionsgate	MAGIC _ BIRD	cook	2
Lionsgate	MAGIC _ BIRD	another waitress	2
Lionsgate	MAGIC _ BIRD	dismissive player	2
Lionsgate	MAGIC _ BIRD	theater go-er	2
Lionsgate	MAGIC _ BIRD	theater go-er #2	2
Lionsgate	MAGIC _ BIRD	white news reporter	2
Lionsgate	MAGIC _ BIRD	first ad	2
Lionsgate	MAGIC _ BIRD	surgeon	2
Lionsgate	MAGIC _ BIRD	aau coach	1
Lionsgate	MAGIC _ BIRD	reporter #2	 1
Lionsgate	MAGIC _ BIRD	john hurt	1
Lionsgate	MAGIC _ BIRD	yaphet kotto	1
Lionsgate	MAGIC _ BIRD	trainer	1
Lionsgate	MAGIC _ BIRD	walter cronkite	1
Lionsgate	MAGIC _ BIRD	walt frazier	1
Lionsgate	MAGIC _ BIRD	female reporter	1
Lionsgate	MAGIC _ BIRD	magic’s brother	1
Lionsgate	MAGIC _ BIRD	clipper’s announcer	1
Lionsgate	MAGIC _ BIRD	white woman	1
Lionsgate	MAGIC _ BIRD	cedric maxwell	1
Lionsgate	MAGIC _ BIRD	reporter #3	1
Lionsgate	MAGIC _ BIRD	announcer	1
Lionsgate	MAGIC _ BIRD	reporter #4	1
Lionsgate	MAGIC _ BIRD	coach dunleavy	1
Lionsgate	MAGIC _ BIRD	laker staffperson	1
Lionsgate	MAGIC _ BIRD	screaming lakers fan	1
Lionsgate	MEET ME IN NEW DELHI	freddy	391
Lionsgate	MEET ME IN NEW DELHI	meena	370
Lionsgate	MEET ME IN NEW DELHI	sandeep	210
Lionsgate	MEET ME IN NEW DELHI	dev	95
Lionsgate	MEET ME IN NEW DELHI	shree	87
Lionsgate	MEET ME IN NEW DELHI	kabir	66
Lionsgate	MEET ME IN NEW DELHI	priya	53
Lionsgate	MEET ME IN NEW DELHI	kabir’s father	27
Lionsgate	MEET ME IN NEW DELHI	basu	24
Lionsgate	MEET ME IN NEW DELHI	anamika	17
Lionsgate	MEET ME IN NEW DELHI	anamika’s mother	12
Lionsgate	MEET ME IN NEW DELHI	ticket agent	9
Lionsgate	MEET ME IN NEW DELHI	clothing vendor	5
Lionsgate	MEET ME IN NEW DELHI	security train	4
Lionsgate	MEET ME IN NEW DELHI	the father	4
Lionsgate	MEET ME IN NEW DELHI	freddy’s mother	2
Lionsgate	MEET ME IN NEW DELHI	freddy’s father	2
Lionsgate	MEET ME IN NEW DELHI	cook	2
Lionsgate	MEET ME IN NEW DELHI	auntie	2
Lionsgate	MEET ME IN NEW DELHI	taxi driver	1
Lionsgate	MillersGirl	jonathan	460
Lionsgate	MillersGirl	cairo	398
Lionsgate	MillersGirl	boris	238
Lionsgate	MillersGirl	winnie	230
Lionsgate	MillersGirl	beatrice	179
Lionsgate	MillersGirl	joyce	33
Lionsgate	MillersGirl	jock	15
Lionsgate	MillersGirl	suzette	1
Lionsgate	MillersGirl	hipster	1
Lionsgate	NARUTO	naruto	415
Lionsgate	NARUTO	kakashi	216
Lionsgate	NARUTO	sakura	182
Lionsgate	NARUTO	iruka	141
Lionsgate	NARUTO	sarutobi	109
Lionsgate	NARUTO	orochimaru	107
Lionsgate	NARUTO	sasuke	66
Lionsgate	NARUTO	kabuto	32
Lionsgate	NARUTO	teacher	27
Lionsgate	NARUTO	anko	27
Lionsgate	NARUTO	headmistress kurenai	23
Lionsgate	NARUTO	ino	20
Lionsgate	NARUTO	minato	19
Lionsgate	NARUTO	kushina	17
Lionsgate	NARUTO	kidomaru	15
Lionsgate	NARUTO	instructor asuma	15
Lionsgate	NARUTO	shikamaru	8
Lionsgate	NARUTO	choji	8
Lionsgate	NARUTO	teenage boy	8
Lionsgate	NARUTO	male officer	6
Lionsgate	NARUTO	yui	5
Lionsgate	NARUTO	tayuya	5
Lionsgate	NARUTO	jirobo	5
Lionsgate	NARUTO	vegetable seller	4
Lionsgate	NARUTO	fruit seller	4
Lionsgate	NARUTO	bored heiress	4
Lionsgate	NARUTO	curious heiress	4
Lionsgate	NARUTO	prosperous man	4
Lionsgate	NARUTO	fallen doorkeeper	4
Lionsgate	NARUTO	sexy naruto	4
Lionsgate	NARUTO	mito	4
Lionsgate	NARUTO	female officer	3
Lionsgate	NARUTO	fallen ninja	3
Lionsgate	NARUTO	tamaki	3
Lionsgate	NARUTO	drunk fallen	2
Lionsgate	NARUTO	woman	2
Lionsgate	NARUTO	bartender	2
Lionsgate	NARUTO	photographer	1
Lionsgate	NARUTO	other student	1
Lionsgate	NARUTO	sakon	1
Lionsgate	NARUTO	ukon	1
Lionsgate	NARUTO	rooftop spotter #1	1
Lionsgate	NARUTO	hinata	1
Lionsgate	NARUTO	rooftop spotter #2	1
Lionsgate	NARUTO	rooftop spotter #3	1
Lionsgate	OpenWater	kate	189
Lionsgate	OpenWater	luis	103
Lionsgate	OpenWater	omar	64
Lionsgate	OpenWater	gary	53
Lionsgate	OpenWater	dawn-marie	33
Lionsgate	OpenWater	pam	32
Lionsgate	OpenWater	harold	29
Lionsgate	OpenWater	jonah	27
Lionsgate	OpenWater	axel	27
Lionsgate	OpenWater	lisa	24
Lionsgate	OpenWater	jason	21
Lionsgate	OpenWater	older man / brent	16
Lionsgate	OpenWater	captain chambers	15
Lionsgate	OpenWater	big sister / margo	14
Lionsgate	OpenWater	francisco	14
Lionsgate	OpenWater	ashley	14
Lionsgate	OpenWater	trisha	13
Lionsgate	OpenWater	little girl	11
Lionsgate	OpenWater	mom	11
Lionsgate	OpenWater	mckenzie	8
Lionsgate	OpenWater	first officer	5
Lionsgate	OpenWater	honeymooner / paul	5
Lionsgate	OpenWater	security agent	3
Lionsgate	OpenWater	yoji	3
Lionsgate	OpenWater	linh	3
Lionsgate	OpenWater	announcement	3
Lionsgate	OpenWater	namrata (namrata)	2
Lionsgate	OpenWater	airline staff	1
Lionsgate	OpenWater	juliette	1
Lionsgate	SHADOW FORCE	david	357
Lionsgate	SHADOW FORCE	kyrah	282
Lionsgate	SHADOW FORCE	cinder	185
Lionsgate	SHADOW FORCE	ky	125
Lionsgate	SHADOW FORCE	auntie	64
Lionsgate	SHADOW FORCE	unc	41
Lionsgate	SHADOW FORCE	fritz	17
Lionsgate	SHADOW FORCE	patrick	14
Lionsgate	SHADOW FORCE	parker	13
Lionsgate	SHADOW FORCE	varjo	12
Lionsgate	SHADOW FORCE	meathead dad	11
Lionsgate	SHADOW FORCE	bank robber #1	11
Lionsgate	SHADOW FORCE	cysgod	10
Lionsgate	SHADOW FORCE	police officer	9
Lionsgate	SHADOW FORCE	lorraine cinder	8
Lionsgate	SHADOW FORCE	trooper	8
Lionsgate	SHADOW FORCE	teller	5
Lionsgate	SHADOW FORCE	anino	5
Lionsgate	SHADOW FORCE	chris cuomo	4
Lionsgate	SHADOW FORCE	scath	4
Lionsgate	SHADOW FORCE	shady sleazeball #1	4
Lionsgate	SHADOW FORCE	shadowy figure	3
Lionsgate	SHADOW FORCE	shady sleazeball #2	3
Lionsgate	SHADOW FORCE	congressional cog	3
Lionsgate	SHADOW FORCE	analyst	3
Lionsgate	SHADOW FORCE	newscaster	3
Lionsgate	SHADOW FORCE	bank robber #2	2
Lionsgate	SHADOW FORCE	employee	2
Lionsgate	SHADOW FORCE	teammate	2
Lionsgate	SHADOW FORCE	toad	2
Lionsgate	SHADOW FORCE	moriti	2
Lionsgate	SHADOW FORCE	bank robber #3	1
Lionsgate	SHADOW FORCE	young kid	1
Lionsgate	SHADOW FORCE	punk	1
Lionsgate	SHADOW FORCE	bureaucrat #1	1
Lionsgate	SHADOW FORCE	sheriff	1
Lionsgate	SHOTGUN WEDDING	grace	548
Lionsgate	SHOTGUN WEDDING	tom	491
Lionsgate	SHOTGUN WEDDING	carol	93
Lionsgate	SHOTGUN WEDDING	sean	82
Lionsgate	SHOTGUN WEDDING	ricky	56
Lionsgate	SHOTGUN WEDDING	pirate leader	53
Lionsgate	SHOTGUN WEDDING	marge	50
Lionsgate	SHOTGUN WEDDING	jamie	50
Lionsgate	SHOTGUN WEDDING	renee	46
Lionsgate	SHOTGUN WEDDING	robert	46
Lionsgate	SHOTGUN WEDDING	harriett	32
Lionsgate	SHOTGUN WEDDING	dog-face	23
Lionsgate	SHOTGUN WEDDING	ace	22
Lionsgate	SHOTGUN WEDDING	larry	13
Lionsgate	SHOTGUN WEDDING	jeannie	12
Lionsgate	SHOTGUN WEDDING	security guard	11
Lionsgate	SHOTGUN WEDDING	rat-face	6
Lionsgate	SHOTGUN WEDDING	scotty	5
Lionsgate	SHOTGUN WEDDING	darcy’s college friend	4
Lionsgate	SHOTGUN WEDDING	shark-face	4
Lionsgate	SHOTGUN WEDDING	tiger-face	3
Lionsgate	SHOTGUN WEDDING	pirate voice	2
Lionsgate	SHOTGUN WEDDING	lizard-face	2
Lionsgate	SHOTGUN WEDDING	waiter	1
Lionsgate	SHOTGUN WEDDING	jennifer	1
Lionsgate	SHOTGUN WEDDING	bone-face	1
Lionsgate	SHOTGUN WEDDING	clown-face	1
Lionsgate	THE SUN ALWAYS SETS IN THE WEST	blue wade	156
Lionsgate	THE SUN ALWAYS SETS IN THE WEST	pastor nathan	135
Lionsgate	THE SUN ALWAYS SETS IN THE WEST	martin	135
Lionsgate	THE SUN ALWAYS SETS IN THE WEST	ruby	85
Lionsgate	THE SUN ALWAYS SETS IN THE WEST	viggo	47
Lionsgate	THE SUN ALWAYS SETS IN THE WEST	hugh	39
Lionsgate	THE SUN ALWAYS SETS IN THE WEST	edgardo	32
Lionsgate	THE SUN ALWAYS SETS IN THE WEST	chen	32
Lionsgate	THE SUN ALWAYS SETS IN THE WEST	dmitri	31
Lionsgate	THE SUN ALWAYS SETS IN THE WEST	pearl	26
Lionsgate	THE SUN ALWAYS SETS IN THE WEST	mcdonough	23
Lionsgate	THE SUN ALWAYS SETS IN THE WEST	e.b. trott	20
Lionsgate	THE SUN ALWAYS SETS IN THE WEST	sheriff hastings	15
Lionsgate	THE SUN ALWAYS SETS IN THE WEST	bone	9
Lionsgate	THE SUN ALWAYS SETS IN THE WEST	kyle	7
Lionsgate	THE SUN ALWAYS SETS IN THE WEST	conductor	6
Lionsgate	THE SUN ALWAYS SETS IN THE WEST	old woman	4
Lionsgate	THE SUN ALWAYS SETS IN THE WEST	pat	4
Lionsgate	THE SUN ALWAYS SETS IN THE WEST	erin rose	3
Lionsgate	THE SUN ALWAYS SETS IN THE WEST	emily	3
Lionsgate	THE SUN ALWAYS SETS IN THE WEST	clayton	2
Lionsgate	THE SUN ALWAYS SETS IN THE WEST	woman	2
Lionsgate	THE SUN ALWAYS SETS IN THE WEST	girl	1
Lionsgate	THE SUN ALWAYS SETS IN THE WEST	prostitute	1
Lionsgate	THE SUN ALWAYS SETS IN THE WEST	nervous prostitute	1
Lionsgate	THE VALET	antonio	500
Lionsgate	THE VALET	olivia	450
Lionsgate	THE VALET	george	189
Lionsgate	THE VALET	benny	87
Lionsgate	THE VALET	isabel	84
Lionsgate	THE VALET	kathryn	68
Lionsgate	THE VALET	daniel	53
Lionsgate	THE VALET	stegman	52
Lionsgate	THE VALET	cecilia	47
Lionsgate	THE VALET	natalie	43
Lionsgate	THE VALET	javier	43
Lionsgate	THE VALET	perez	39
Lionsgate	THE VALET	marco	36
Lionsgate	THE VALET	rudy	36
Lionsgate	THE VALET	amanda	27
Lionsgate	THE VALET	clara	25
Lionsgate	THE VALET	blanca	14
Lionsgate	THE VALET	jennifer	11
Lionsgate	THE VALET	waiter	7
Lionsgate	THE VALET	mr. kim	6
Lionsgate	THE VALET	bond trader’s girlfriend	6
Lionsgate	THE VALET	nancy o’dell	6
Lionsgate	THE VALET	sofia	4
Lionsgate	THE VALET	uber driver (dave)	4
Lionsgate	THE VALET	bond trader	4
Lionsgate	THE VALET	limo driver	4
Lionsgate	THE VALET	teenaged boy	4
Lionsgate	THE VALET	lu	3
Lionsgate	THE VALET	pool man	3
Lionsgate	THE VALET	granddaughter	3
Lionsgate	THE VALET	councilman garcia	3
Lionsgate	THE VALET	dante	2
Lionsgate	THE VALET	paparazzi #1	2
Lionsgate	THE VALET	paparazzi #2	2
Lionsgate	THE VALET	ivy valet	2
Lionsgate	THE VALET	paparazzi #3	2
Lionsgate	THE VALET	paparazzi #4	2
Lionsgate	THE VALET	paparazzi #5	2
Lionsgate	THE VALET	host	2
Lionsgate	THE VALET	ana patricia	2
Lionsgate	THE VALET	italian model	2
Lionsgate	THE VALET	fashion designer	2
Lionsgate	THE VALET	stylish woman	2
Lionsgate	THE VALET	cashier	2
Lionsgate	THE VALET	paparazzi #7	2
Lionsgate	THE VALET	driver #1	1
Lionsgate	THE VALET	customer	1
Lionsgate	THE VALET	korean kid	1
Lionsgate	THE VALET	chucho	1
Lionsgate	THE VALET	dishwasher	1
Lionsgate	THE VALET	cook	1
Lionsgate	THE VALET	dj	1
Lionsgate	THE VALET	randy	1
Lionsgate	THE VALET	driver #2	1
Lionsgate	TIGERBELLES	coach temple	475
Lionsgate	TIGERBELLES	wilma	293
Lionsgate	TIGERBELLES	billie	146
Lionsgate	TIGERBELLES	barbara	124
Lionsgate	TIGERBELLES	eleanor	99
Lionsgate	TIGERBELLES	c.b.	87
Lionsgate	TIGERBELLES	jesse	83
Lionsgate	TIGERBELLES	charlene	59
Lionsgate	TIGERBELLES	robert	39
Lionsgate	TIGERBELLES	president davis	35
Lionsgate	TIGERBELLES	blanche	22
Lionsgate	TIGERBELLES	announcer 1	21
Lionsgate	TIGERBELLES	announcer 2	16
Lionsgate	TIGERBELLES	announcer 3	13
Lionsgate	TIGERBELLES	cassius clay	11
Lionsgate	TIGERBELLES	italian reporter	10
Lionsgate	TIGERBELLES	ed rudolph	9
Lionsgate	TIGERBELLES	wendell	8
Lionsgate	TIGERBELLES	pastor	8
Lionsgate	TIGERBELLES	edwina	7
Lionsgate	TIGERBELLES	mama grace	7
Lionsgate	TIGERBELLES	new announcer	7
Lionsgate	TIGERBELLES	barbara’s father	6
Lionsgate	TIGERBELLES	white boy	5
Lionsgate	TIGERBELLES	rival frat guy	4
Lionsgate	TIGERBELLES	lloyd	4
Lionsgate	TIGERBELLES	track official	4
Lionsgate	TIGERBELLES	ray charles	3
Lionsgate	TIGERBELLES	official	3
Lionsgate	TIGERBELLES	barbara’s mother	2
Lionsgate	TIGERBELLES	marvin	2
Lionsgate	TIGERBELLES	maisie	2
Lionsgate	TIGERBELLES	distinguished gentleman	2
Lionsgate	TIGERBELLES	professor	1
Lionsgate	TIGERBELLES	librarian	1
Lionsgate	TIGERBELLES	tuskegee runner	1
Lionsgate	TIGERBELLES	mc	1
Lionsgate	TIGERBELLES	coach abernathy	1
Lionsgate	TIGERBELLES	mrs. endicott	1
Lionsgate	TIGERBELLES	mary	1
Lionsgate	TIGERBELLES	driver	1
Lionsgate	TIGERBELLES	literacy girl 1	1
Lionsgate	TIGERBELLES	literacy girl 2	1
Lionsgate	TIGERBELLES	literacy girl 3	1
Lionsgate	Unbreakable	scott (zachary levi cast)	601
Lionsgate	Unbreakable	austin	382
Lionsgate	Unbreakable	teresa	338
Lionsgate	Unbreakable	joe	77
Lionsgate	Unbreakable	logan	63
Lionsgate	Unbreakable	tyler	24
Lionsgate	Unbreakable	scott’s dad	21
Lionsgate	Unbreakable	doctor	20
Lionsgate	Unbreakable	lori	19
Lionsgate	Unbreakable	ilene	19
Lionsgate	Unbreakable	preacher rick	16
Lionsgate	Unbreakable	scott’s mom	14
Lionsgate	Unbreakable	teacher	11
Lionsgate	Unbreakable	justice	7
Lionsgate	Unbreakable	miles	6
Lionsgate	Unbreakable	kind-faced doctor	3
Lionsgate	Unbreakable	man	2
Lionsgate	Unbreakable	nurse	1
Lionsgate	Unbreakable	elderly man	1
Lionsgate	WHITEBIRD	grand-mère/sara (gillian anderson)	396
Lionsgate	WHITEBIRD	boy/torteu/julien (bryce gheisar)	202
Lionsgate	WHITEBIRD	vivienne	67
Lionsgate	WHITEBIRD	max	51
Lionsgate	WHITEBIRD	vincent	50
Lionsgate	WHITEBIRD	mlle petitjean	36
Lionsgate	WHITEBIRD	rose	35
Lionsgate	WHITEBIRD	julian	28
Lionsgate	WHITEBIRD	caroline	20
Lionsgate	WHITEBIRD	m. lafleur	19
Lionsgate	WHITEBIRD	pastor luc	17
Lionsgate	WHITEBIRD	sophie	15
Lionsgate	WHITEBIRD	german commander	15
Lionsgate	WHITEBIRD	jean-paul	14
Lionsgate	WHITEBIRD	jerome	13
Lionsgate	WHITEBIRD	mariann	12
Lionsgate	WHITEBIRD	georges	11
Lionsgate	WHITEBIRD	rabbi bernstein	8
Lionsgate	WHITEBIRD	mme. lafleur	7
Lionsgate	WHITEBIRD	older patient	7
Lionsgate	WHITEBIRD	antoine	5
Lionsgate	WHITEBIRD	blockade commander	5
Lionsgate	WHITEBIRD	bearded patient	5
Lionsgate	WHITEBIRD	mme. bernstein	4
Lionsgate	WHITEBIRD	milice driver	4
Lionsgate	WHITEBIRD	radio pundit	3
Lionsgate	WHITEBIRD	receptionist	3
Lionsgate	WHITEBIRD	radio announcer #1	3
Lionsgate	WHITEBIRD	german soldier #1	3
Lionsgate	WHITEBIRD	german troop	3
Lionsgate	WHITEBIRD	border guard	3
Lionsgate	WHITEBIRD	madame ballou	2
Lionsgate	WHITEBIRD	resistance fighter	2
Lionsgate	WHITEBIRD	milice commander	2
Lionsgate	WHITEBIRD	henri	2
Lionsgate	WHITEBIRD	sewer worker	2
Lionsgate	WHITEBIRD	nervous patient	2
Lionsgate	WHITEBIRD	radio announcer #2	2
Lionsgate	WHITEBIRD	newsreel narrator	1
Lionsgate	WHITEBIRD	bully	1
Lionsgate	WHITEBIRD	ruth	1
Lionsgate	WHITEBIRD	cagey neighbor	1
Lionsgate	WHITEBIRD	pastor robert	1
Lionsgate	WHITEBIRD	german soldier #2	1
Lionsgate	WHITEBIRD	milice officer	1
Lionsgate	WHITEBIRD	german commander	1
Lionsgate	WHITEBIRD	bandaged patient	1
Lionsgate	WHITEBIRD	blockade guard	1
NBC Universal	BEAST_Spellcheck	nate	261
NBC Universal	BEAST_Spellcheck	martin	170
NBC Universal	BEAST_Spellcheck	mare	115
NBC Universal	BEAST_Spellcheck	jess	77
NBC Universal	BEAST_Spellcheck	likezo	21
NBC Universal	BEAST_Spellcheck	pilot	9
NBC Universal	BEAST_Spellcheck	banji	9
NBC Universal	BEAST_Spellcheck	leader	5
NBC Universal	BRONZEVILLE	everett	197
NBC Universal	BRONZEVILLE	caspar	98
NBC Universal	BRONZEVILLE	jimmy	94
NBC Universal	BRONZEVILLE	jesse	93
NBC Universal	BRONZEVILLE	eloise	89
NBC Universal	BRONZEVILLE	randolph	74
NBC Universal	BRONZEVILLE	lisa	61
NBC Universal	BRONZEVILLE	zeke	43
NBC Universal	BRONZEVILLE	better offer	35
NBC Universal	BRONZEVILLE	cermak	31
NBC Universal	BRONZEVILLE	arthur	24
NBC Universal	BRONZEVILLE	roxy	21
NBC Universal	BRONZEVILLE	lucky	17
NBC Universal	BRONZEVILLE	2 gun pete	13
NBC Universal	BRONZEVILLE	white man	11
NBC Universal	BRONZEVILLE	moreland	11
NBC Universal	BRONZEVILLE	mr. ferguson	10
NBC Universal	BRONZEVILLE	lester	8
NBC Universal	BRONZEVILLE	rough man 1	8
NBC Universal	BRONZEVILLE	rough man	7
NBC Universal	BRONZEVILLE	bosko	6
NBC Universal	BRONZEVILLE	billy	6
NBC Universal	BRONZEVILLE	joe	5
NBC Universal	BRONZEVILLE	maitre’d	5
NBC Universal	FIRESTARTER	andy	324
NBC Universal	FIRESTARTER	charlie	220
NBC Universal	FIRESTARTER	vicky	106
NBC Universal	FIRESTARTER	unseen man	20
NBC Universal	FIRESTARTER	wanless	24
NBC Universal	FIRESTARTER	darla	13
NBC Universal	FIRESTARTER	gavin	6
NBC Universal	FIRESTARTER	ms. gardner	22
NBC Universal	FIRESTARTER	principal lewis	12
NBC Universal	FIRESTARTER	captain hollister	184
NBC Universal	FIRESTARTER	rainbird	44
NBC Universal	FIRESTARTER	dwayne	19
NBC Universal	FIRESTARTER	dwayne’s wife	6
NBC Universal	FIRESTARTER	irv	98
NBC Universal	FIRESTARTER	sheriff perry	17
NBC Universal	FIRESTARTER	agent jules	26
NBC Universal	KID SWAP	greg	499
NBC Universal	KID SWAP	nicole	384
NBC Universal	KID SWAP	randall	360
NBC Universal	KID SWAP	june	285
NBC Universal	KID SWAP	marty	104
NBC Universal	KID SWAP	amy	85
NBC Universal	KID SWAP	andrew	74
NBC Universal	KID SWAP	aaron	57
NBC Universal	KID SWAP	jasmine	21
NBC Universal	KID SWAP	raul	21
NBC Universal	KID SWAP	xander	12
NBC Universal	KID SWAP	mother	7
NBC Universal	KID SWAP	jake paul	4
NBC Universal	KID SWAP	security guard	3
NBC Universal	KID SWAP	neighbor	2
NBC Universal	KID SWAP	sir david	2
NBC Universal	KID SWAP	randall’s boss	2
NBC Universal	KID SWAP	woman	1
NBC Universal	KID SWAP	elderly shopper	1
NBC Universal	KID SWAP	random parent	1
NBC Universal	KID SWAP	patron	1
NBC Universal	KID SWAP	owner	1
NBC Universal	PUDGE PATROL	astrid	259
NBC Universal	PUDGE PATROL	libby	207
NBC Universal	PUDGE PATROL	tearjerker	48
NBC Universal	PUDGE PATROL	brutus	41
NBC Universal	PUDGE PATROL	tate	34
NBC Universal	PUDGE PATROL	candace	28
NBC Universal	PUDGE PATROL	michelle	17
NBC Universal	PUDGE PATROL	christine	14
NBC Universal	PUDGE PATROL	varshidi	13
NBC Universal	PUDGE PATROL	simone	10
NBC Universal	PUDGE PATROL	kaitlin	9
NBC Universal	PUDGE PATROL	valerie	9
NBC Universal	PUDGE PATROL	mr frick	9
NBC Universal	PUDGE PATROL	crying woman	9
NBC Universal	PUDGE PATROL	nigel	6
NBC Universal	PUDGE PATROL	eggs	4
NBC Universal	PUDGE PATROL	sparrow	4
NBC Universal	PUDGE PATROL	stoner	2
NBC Universal	PUDGE PATROL	grant	3
NBC Universal	PUDGE PATROL	theater gal	3
NBC Universal	PUDGE PATROL	theater guy	3
NBC Universal	PUDGE PATROL	jonas	3
NBC Universal	PUDGE PATROL	heidi	3
NBC Universal	PUDGE PATROL	pam	2
NBC Universal	PUDGE PATROL	waiter	2
NBC Universal	PUDGE PATROL	newscaster	1
NBC Universal	PUDGE PATROL	astrid's mom janet	1
NBC Universal	PUDGE PATROL	rude kid	1
NBC Universal	PUDGE PATROL	mean kid walking by	1
NBC Universal	PUDGE PATROL	dumb kid	1
NBC Universal	PUDGE PATROL	stoner 2	1
NBC Universal	Small Dark Look	voice	5
NBC Universal	Small Dark Look	priest	9
NBC Universal	Small Dark Look	vladimir	261
NBC Universal	Small Dark Look	gregory	370
NBC Universal	Small Dark Look	luda	146
NBC Universal	Small Dark Look	leon	9
NBC Universal	Small Dark Look	ilkay	14
NBC Universal	Small Dark Look	receptionist	16
NBC Universal	Small Dark Look	administrator	5
NBC Universal	Small Dark Look	interior minister	38
NBC Universal	Small Dark Look	shopkeeper	5
NBC Universal	Small Dark Look	monty	57
NBC Universal	Small Dark Look	dubinsky	51
NBC Universal	Small Dark Look	tony	6
NBC Universal	Small Dark Look	hunan	42
NBC Universal	Small Dark Look	assistant	6
NBC Universal	Small Dark Look	clown	12
NBC Universal	Small Dark Look	tashkar	17
NBC Universal	Small Dark Look	mikhail	15
NBC Universal	Small Dark Look	interviewer	9
NBC Universal	Small Dark Look	auctioneer	12
NBC Universal	Small Dark Look	sacha	12
NBC Universal	THE GRACE YEAR	penny	5
NBC Universal	THE GRACE YEAR	clara	6
NBC Universal	THE GRACE YEAR	tierney	251
NBC Universal	THE GRACE YEAR	aunt linny	15
NBC Universal	THE GRACE YEAR	abe	78
NBC Universal	THE GRACE YEAR	kiersten	162
NBC Universal	THE GRACE YEAR	tommy	5
NBC Universal	THE GRACE YEAR	michael	75
NBC Universal	THE GRACE YEAR	jessica	10
NBC Universal	THE GRACE YEAR	jenna	15
NBC Universal	THE GRACE YEAR	mr. welk	37
NBC Universal	THE GRACE YEAR	meg	9
NBC Universal	THE GRACE YEAR	martha	8
NBC Universal	THE GRACE YEAR	hannah	22
NBC Universal	THE GRACE YEAR	rachel	8
NBC Universal	THE GRACE YEAR	dena	13
NBC Universal	THE GRACE YEAR	helen	7
NBC Universal	THE GRACE YEAR	tammy	5
NBC Universal	THE GRACE YEAR	gertrude	79
NBC Universal	THE GRACE YEAR	tall guard	6
NBC Universal	THE GRACE YEAR	ryker	166
NBC Universal	THE GRACE YEAR	anders	17
